,last,change,priorSettle,open,close,high,low,highLimit,lowLimit,volume,mdKey,quoteCode,escapedQuoteCode,code,updated,percentageChange,expirationMonth,expirationCode,expirationDate,productName,productCode,uri,productId,exchangeCode,optionUri,hasOption,group,netChangeStatus,highLowLimits,isFrontMonth,lastUpdated,lastTradeDate.timestamp,lastTradeDate.dateOnlyLongFormat,lastTradeDate.default24,lastTradeDate.default12,lastTradeDate.verbose,priceChart.enabled,priceChart.code,priceChart.monthYear,priceChart.venue,priceChart.title,priceChart.year
0,94.9125,+0.0275,94.885,94.8875,-,94.915,94.875,-,0.0025,"61,414",ZQM3-XCBT-G,ZQM3,ZQM3,ZQM3,08:25:15 CT<br /> 13 Jun 2023,+0.03%,JUN 2023,M3,20230601,30 Day Federal Funds Futures,ZQ,/trading/interest-rates/stir/30-day-federal-fund.html,305,XCBT,/trading/interest-rates/stir/30-day-federal-fund_quotes_options.html,True,Interest Rate,statusOK,No Limit / 0.0025,False,2023-06-13T08:35:30.884,1688101200000,30 Jun 2023,"06/30/2023, 00:00:00 CDT","06/30/2023, 12:00:00 AM CDT","June 30, 2023 12:00:00 AM CDT",True,ZQ,M3,0,Chart+-+Jun+2023+30+Day+Federal+Funds,2023
1,94.875,+0.045,94.83,94.835,-,94.895,94.805,-,0.0025,"216,818",ZQN3-XCBT-G,ZQN3,ZQN3,ZQN3,08:25:19 CT<br /> 13 Jun 2023,+0.05%,JUL 2023,N3,20230701,30 Day Federal Funds Futures,ZQ,/trading/interest-rates/stir/30-day-federal-fund.html,305,XCBT,/trading/interest-rates/stir/30-day-federal-fund_quotes_options.html,True,Interest Rate,statusOK,No Limit / 0.0025,False,2023-06-13T08:35:30.884,1690779600000,31 Jul 2023,"07/31/2023, 00:00:00 CDT","07/31/2023, 12:00:00 AM CDT","July 31, 2023 12:00:00 AM CDT",True,ZQ,N3,0,Chart+-+Jul+2023+30+Day+Federal+Funds,2023
2,94.75,+0.055,94.695,94.70,-,94.77,94.645,-,0.0025,"145,628",ZQQ3-XCBT-G,ZQQ3,ZQQ3,ZQQ3,08:25:30 CT<br /> 13 Jun 2023,+0.06%,AUG 2023,Q3,20230801,30 Day Federal Funds Futures,ZQ,/trading/interest-rates/stir/30-day-federal-fund.html,305,XCBT,/trading/interest-rates/stir/30-day-federal-fund_quotes_options.html,True,Interest Rate,statusOK,No Limit / 0.0025,False,2023-06-13T08:35:30.884,1693458000000,31 Aug 2023,"08/31/2023, 00:00:00 CDT","08/31/2023, 12:00:00 AM CDT","August 31, 2023 12:00:00 AM CDT",True,ZQ,Q3,0,Chart+-+Aug+2023+30+Day+Federal+Funds,2023
3,94.76,+0.06,94.70,94.705,-,94.77,94.635,-,0.0025,"12,492",ZQU3-XCBT-G,ZQU3,ZQU3,ZQU3,08:22:40 CT<br /> 13 Jun 2023,+0.06%,SEP 2023,U3,20230901,30 Day Federal Funds Futures,ZQ,/trading/interest-rates/stir/30-day-federal-fund.html,305,XCBT,/trading/interest-rates/stir/30-day-federal-fund_quotes_options.html,True,Interest Rate,statusOK,No Limit / 0.0025,False,2023-06-13T08:35:30.884,1695963600000,29 Sep 2023,"09/29/2023, 00:00:00 CDT","09/29/2023, 12:00:00 AM CDT","September 29, 2023 12:00:00 AM CDT",True,ZQ,U3,0,Chart+-+Sep+2023+30+Day+Federal+Funds,2023
4,94.765,+0.055,94.71,94.715,-,94.785,94.635,-,0.0025,"68,233",ZQV3-XCBT-G,ZQV3,ZQV3,ZQV3,08:25:30 CT<br /> 13 Jun 2023,+0.06%,OCT 2023,V3,20231001,30 Day Federal Funds Futures,ZQ,/trading/interest-rates/stir/30-day-federal-fund.html,305,XCBT,/trading/interest-rates/stir/30-day-federal-fund_quotes_options.html,True,Interest Rate,statusOK,No Limit / 0.0025,False,2023-06-13T08:35:30.884,1698728400000,31 Oct 2023,"10/31/2023, 00:00:00 CDT","10/31/2023, 12:00:00 AM CDT","October 31, 2023 12:00:00 AM CDT",True,ZQ,V3,0,Chart+-+Oct+2023+30+Day+Federal+Funds,2023
5,94.845,+0.05,94.795,94.805,-,94.88,94.715,-,0.0025,"32,398",ZQX3-XCBT-G,ZQX3,ZQX3,ZQX3,08:24:56 CT<br /> 13 Jun 2023,+0.05%,NOV 2023,X3,20231101,30 Day Federal Funds Futures,ZQ,/trading/interest-rates/stir/30-day-federal-fund.html,305,XCBT,/trading/interest-rates/stir/30-day-federal-fund_quotes_options.html,True,Interest Rate,statusOK,No Limit / 0.0025,True,2023-06-13T08:35:30.884,1701324000000,30 Nov 2023,"11/30/2023, 00:00:00 CST","11/30/2023, 12:00:00 AM CST","November 30, 2023 12:00:00 AM CST",True,ZQ,X3,0,Chart+-+Nov+2023+30+Day+Federal+Funds,2023
6,94.92,+0.045,94.875,94.88,-,94.96,94.785,-,0.0025,"4,715",ZQZ3-XCBT-G,ZQZ3,ZQZ3,ZQZ3,08:25:15 CT<br /> 13 Jun 2023,+0.05%,DEC 2023,Z3,20231201,30 Day Federal Funds Futures,ZQ,/trading/interest-rates/stir/30-day-federal-fund.html,305,XCBT,/trading/interest-rates/stir/30-day-federal-fund_quotes_options.html,True,Interest Rate,statusOK,No Limit / 0.0025,False,2023-06-13T08:35:30.884,1703829600000,29 Dec 2023,"12/29/2023, 00:00:00 CST","12/29/2023, 12:00:00 AM CST","December 29, 2023 12:00:00 AM CST",True,ZQ,Z3,0,Chart+-+Dec+2023+30+Day+Federal+Funds,2023
7,94.97,+0.045,94.925,94.935,-,95.01,94.825,-,0.0025,"17,878",ZQF4-XCBT-G,ZQF4,ZQF4,ZQF4,08:24:23 CT<br /> 13 Jun 2023,+0.05%,JAN 2024,F4,20240101,30 Day Federal Funds Futures,ZQ,/trading/interest-rates/stir/30-day-federal-fund.html,305,XCBT,/trading/interest-rates/stir/30-day-federal-fund_quotes_options.html,True,Interest Rate,statusOK,No Limit / 0.0025,False,2023-06-13T08:35:30.884,1706680800000,31 Jan 2024,"01/31/2024, 00:00:00 CST","01/31/2024, 12:00:00 AM CST","January 31, 2024 12:00:00 AM CST",True,ZQ,F4,0,Chart+-+Jan+2024+30+Day+Federal+Funds,2024
8,95.12,+0.045,95.075,95.085,-,95.16,94.985,-,0.0025,"5,174",ZQG4-XCBT-G,ZQG4,ZQG4,ZQG4,08:24:57 CT<br /> 13 Jun 2023,+0.05%,FEB 2024,G4,20240201,30 Day Federal Funds Futures,ZQ,/trading/interest-rates/stir/30-day-federal-fund.html,305,XCBT,/trading/interest-rates/stir/30-day-federal-fund_quotes_options.html,True,Interest Rate,statusOK,No Limit / 0.0025,False,2023-06-13T08:35:30.884,1709186400000,29 Feb 2024,"02/29/2024, 00:00:00 CST","02/29/2024, 12:00:00 AM CST","February 29, 2024 12:00:00 AM CST",True,ZQ,G4,0,Chart+-+Feb+2024+30+Day+Federal+Funds,2024
9,95.20,+0.055,95.145,95.17,-,95.24,95.055,-,0.0025,516,ZQH4-XCBT-G,ZQH4,ZQH4,ZQH4,08:20:56 CT<br /> 13 Jun 2023,+0.06%,MAR 2024,H4,20240301,30 Day Federal Funds Futures,ZQ,/trading/interest-rates/stir/30-day-federal-fund.html,305,XCBT,/trading/interest-rates/stir/30-day-federal-fund_quotes_options.html,True,Interest Rate,statusOK,No Limit / 0.0025,False,2023-06-13T08:35:30.884,1711602000000,28 Mar 2024,"03/28/2024, 00:00:00 CDT","03/28/2024, 12:00:00 AM CDT","March 28, 2024 12:00:00 AM CDT",True,ZQ,H4,0,Chart+-+Mar+2024+30+Day+Federal+Funds,2024
10,95.31,+0.055,95.255,95.275,-,95.35,95.16,-,0.0025,"2,057",ZQJ4-XCBT-G,ZQJ4,ZQJ4,ZQJ4,08:21:12 CT<br /> 13 Jun 2023,+0.06%,APR 2024,J4,20240401,30 Day Federal Funds Futures,ZQ,/trading/interest-rates/stir/30-day-federal-fund.html,305,XCBT,/trading/interest-rates/stir/30-day-federal-fund_quotes_options.html,True,Interest Rate,statusOK,No Limit / 0.0025,False,2023-06-13T08:35:30.884,1714453200000,30 Apr 2024,"04/30/2024, 00:00:00 CDT","04/30/2024, 12:00:00 AM CDT","April 30, 2024 12:00:00 AM CDT",True,ZQ,J4,0,Chart+-+Apr+2024+30+Day+Federal+Funds,2024
11,95.52,+0.07,95.45,95.485,-,95.55,95.355,-,0.0025,754,ZQK4-XCBT-G,ZQK4,ZQK4,ZQK4,08:23:11 CT<br /> 13 Jun 2023,+0.07%,MAY 2024,K4,20240501,30 Day Federal Funds Futures,ZQ,/trading/interest-rates/stir/30-day-federal-fund.html,305,XCBT,/trading/interest-rates/stir/30-day-federal-fund_quotes_options.html,True,Interest Rate,statusOK,No Limit / 0.0025,False,2023-06-13T08:35:30.884,1717131600000,31 May 2024,"05/31/2024, 00:00:00 CDT","05/31/2024, 12:00:00 AM CDT","May 31, 2024 12:00:00 AM CDT",True,ZQ,K4,0,Chart+-+May+2024+30+Day+Federal+Funds,2024
12,95.645,+0.07,95.575,95.61,-,95.675,95.475,-,0.0025,76,ZQM4-XCBT-G,ZQM4,ZQM4,ZQM4,08:20:41 CT<br /> 13 Jun 2023,+0.07%,JUN 2024,M4,20240601,30 Day Federal Funds Futures,ZQ,/trading/interest-rates/stir/30-day-federal-fund.html,305,XCBT,/trading/interest-rates/stir/30-day-federal-fund_quotes_options.html,True,Interest Rate,statusOK,No Limit / 0.0025,False,2023-06-13T08:35:30.884,1719550800000,28 Jun 2024,"06/28/2024, 00:00:00 CDT","06/28/2024, 12:00:00 AM CDT","June 28, 2024 12:00:00 AM CDT",True,ZQ,M4,0,Chart+-+Jun+2024+30+Day+Federal+Funds,2024
13,95.755,+0.08,95.675,95.70,-,95.78,95.575,-,0.0025,389,ZQN4-XCBT-G,ZQN4,ZQN4,ZQN4,08:23:00 CT<br /> 13 Jun 2023,+0.08%,JUL 2024,N4,20240701,30 Day Federal Funds Futures,ZQ,/trading/interest-rates/stir/30-day-federal-fund.html,305,XCBT,/trading/interest-rates/stir/30-day-federal-fund_quotes_options.html,True,Interest Rate,statusOK,No Limit / 0.0025,False,2023-06-13T08:35:30.884,1722402000000,31 Jul 2024,"07/31/2024, 00:00:00 CDT","07/31/2024, 12:00:00 AM CDT","July 31, 2024 12:00:00 AM CDT",True,ZQ,N4,0,Chart+-+Jul+2024+30+Day+Federal+Funds,2024
14,95.965,+0.085,95.88,95.975,-,95.975,95.965,-,0.0025,128,ZQQ4-XCBT-G,ZQQ4,ZQQ4,ZQQ4,08:18:12 CT<br /> 13 Jun 2023,+0.09%,AUG 2024,Q4,20240801,30 Day Federal Funds Futures,ZQ,/trading/interest-rates/stir/30-day-federal-fund.html,305,XCBT,/trading/interest-rates/stir/30-day-federal-fund_quotes_options.html,True,Interest Rate,statusOK,No Limit / 0.0025,False,2023-06-13T08:35:30.884,1724994000000,30 Aug 2024,"08/30/2024, 00:00:00 CDT","08/30/2024, 12:00:00 AM CDT","August 30, 2024 12:00:00 AM CDT",True,ZQ,Q4,0,Chart+-+Aug+2024+30+Day+Federal+Funds,2024
15,96.04,+0.085,95.955,96.05,-,96.05,96.04,-,0.0025,48,ZQU4-XCBT-G,ZQU4,ZQU4,ZQU4,08:20:40 CT<br /> 13 Jun 2023,+0.09%,SEP 2024,U4,20240901,30 Day Federal Funds Futures,ZQ,/trading/interest-rates/stir/30-day-federal-fund.html,305,XCBT,/trading/interest-rates/stir/30-day-federal-fund_quotes_options.html,True,Interest Rate,statusOK,No Limit / 0.0025,False,2023-06-13T08:35:30.884,1727672400000,30 Sep 2024,"09/30/2024, 00:00:00 CDT","09/30/2024, 12:00:00 AM CDT","September 30, 2024 12:00:00 AM CDT",True,ZQ,U4,0,Chart+-+Sep+2024+30+Day+Federal+Funds,2024
16,96.025,-0.05,96.075,96.025,-,96.025,96.025,-,0.0025,39,ZQV4-XCBT-G,ZQV4,ZQV4,ZQV4,08:18:12 CT<br /> 13 Jun 2023,-0.05%,OCT 2024,V4,20241001,30 Day Federal Funds Futures,ZQ,/trading/interest-rates/stir/30-day-federal-fund.html,305,XCBT,/trading/interest-rates/stir/30-day-federal-fund_quotes_options.html,True,Interest Rate,statusAlert,No Limit / 0.0025,False,2023-06-13T08:35:30.884,1730350800000,31 Oct 2024,"10/31/2024, 00:00:00 CDT","10/31/2024, 12:00:00 AM CDT","October 31, 2024 12:00:00 AM CDT",True,ZQ,V4,0,Chart+-+Oct+2024+30+Day+Federal+Funds,2024
17,96.355,+0.12,96.235,96.195,-,96.355,96.195,-,0.0025,12,ZQX4-XCBT-G,ZQX4,ZQX4,ZQX4,08:05:38 CT<br /> 13 Jun 2023,+0.12%,NOV 2024,X4,20241101,30 Day Federal Funds Futures,ZQ,/trading/interest-rates/stir/30-day-federal-fund.html,305,XCBT,/trading/interest-rates/stir/30-day-federal-fund_quotes_options.html,True,Interest Rate,statusOK,No Limit / 0.0025,False,2023-06-13T08:35:30.884,1732860000000,29 Nov 2024,"11/29/2024, 00:00:00 CST","11/29/2024, 12:00:00 AM CST","November 29, 2024 12:00:00 AM CST",True,ZQ,X4,0,Chart+-+Nov+2024+30+Day+Federal+Funds,2024
18,96.38,+0.065,96.315,96.38,-,96.38,96.38,-,0.0025,1,ZQZ4-XCBT-G,ZQZ4,ZQZ4,ZQZ4,21:26:12 CT<br /> 12 Jun 2023,+0.07%,DEC 2024,Z4,20241201,30 Day Federal Funds Futures,ZQ,/trading/interest-rates/stir/30-day-federal-fund.html,305,XCBT,/trading/interest-rates/stir/30-day-federal-fund_quotes_options.html,True,Interest Rate,statusOK,No Limit / 0.0025,False,2023-06-13T08:35:30.884,1735624800000,31 Dec 2024,"12/31/2024, 00:00:00 CST","12/31/2024, 12:00:00 AM CST","December 31, 2024 12:00:00 AM CST",True,ZQ,Z4,0,Chart+-+Dec+2024+30+Day+Federal+Funds,2024
19,-,-,96.365,-,-,-,-,-,0.0025,0,ZQF5-XCBT-G,ZQF5,ZQF5,ZQF5,21:26:12 CT<br /> 12 Jun 2023,-,JAN 2025,F5,20250101,30 Day Federal Funds Futures,ZQ,/trading/interest-rates/stir/30-day-federal-fund.html,305,XCBT,/trading/interest-rates/stir/30-day-federal-fund_quotes_options.html,True,Interest Rate,statusNull,No Limit / 0.0025,False,2023-06-13T08:35:30.884,1738303200000,31 Jan 2025,"01/31/2025, 00:00:00 CST","01/31/2025, 12:00:00 AM CST","January 31, 2025 12:00:00 AM CST",True,ZQ,F5,0,Chart+-+Jan+2025+30+Day+Federal+Funds,2025
20,-,-,96.40,-,-,-,-,-,0.0025,0,ZQG5-XCBT-G,ZQG5,ZQG5,ZQG5,21:26:12 CT<br /> 12 Jun 2023,-,FEB 2025,G5,20250201,30 Day Federal Funds Futures,ZQ,/trading/interest-rates/stir/30-day-federal-fund.html,305,XCBT,/trading/interest-rates/stir/30-day-federal-fund_quotes_options.html,True,Interest Rate,statusNull,No Limit / 0.0025,False,2023-06-13T08:35:30.884,1740722400000,28 Feb 2025,"02/28/2025, 00:00:00 CST","02/28/2025, 12:00:00 AM CST","February 28, 2025 12:00:00 AM CST",True,ZQ,G5,0,Chart+-+Feb+2025+30+Day+Federal+Funds,2025
21,-,-,96.40,-,-,-,-,-,0.0025,0,ZQH5-XCBT-G,ZQH5,ZQH5,ZQH5,20:22:39 CT<br /> 12 Jun 2023,-,MAR 2025,H5,20250301,30 Day Federal Funds Futures,ZQ,/trading/interest-rates/stir/30-day-federal-fund.html,305,XCBT,/trading/interest-rates/stir/30-day-federal-fund_quotes_options.html,True,Interest Rate,statusNull,No Limit / 0.0025,False,2023-06-13T08:35:30.884,1743397200000,31 Mar 2025,"03/31/2025, 00:00:00 CDT","03/31/2025, 12:00:00 AM CDT","March 31, 2025 12:00:00 AM CDT",True,ZQ,H5,0,Chart+-+Mar+2025+30+Day+Federal+Funds,2025
22,-,-,96.44,-,-,-,-,-,0.0025,0,ZQJ5-XCBT-G,ZQJ5,ZQJ5,ZQJ5,20:22:13 CT<br /> 12 Jun 2023,-,APR 2025,J5,20250401,30 Day Federal Funds Futures,ZQ,/trading/interest-rates/stir/30-day-federal-fund.html,305,XCBT,/trading/interest-rates/stir/30-day-federal-fund_quotes_options.html,True,Interest Rate,statusNull,No Limit / 0.0025,False,2023-06-13T08:35:30.884,1745989200000,30 Apr 2025,"04/30/2025, 00:00:00 CDT","04/30/2025, 12:00:00 AM CDT","April 30, 2025 12:00:00 AM CDT",True,ZQ,J5,0,Chart+-+Apr+2025+30+Day+Federal+Funds,2025
23,-,-,96.44,-,-,-,-,-,0.0025,0,ZQK5-XCBT-G,ZQK5,ZQK5,ZQK5,20:23:13 CT<br /> 12 Jun 2023,-,MAY 2025,K5,20250501,30 Day Federal Funds Futures,ZQ,/trading/interest-rates/stir/30-day-federal-fund.html,305,XCBT,/trading/interest-rates/stir/30-day-federal-fund_quotes_options.html,True,Interest Rate,statusNull,No Limit / 0.0025,False,2023-06-13T08:35:30.884,1748581200000,30 May 2025,"05/30/2025, 00:00:00 CDT","05/30/2025, 12:00:00 AM CDT","May 30, 2025 12:00:00 AM CDT",True,ZQ,K5,0,Chart+-+May+2025+30+Day+Federal+Funds,2025
24,-,-,96.44,-,-,-,-,-,0.0025,0,ZQM5-XCBT-G,ZQM5,ZQM5,ZQM5,20:23:43 CT<br /> 12 Jun 2023,-,JUN 2025,M5,20250601,30 Day Federal Funds Futures,ZQ,/trading/interest-rates/stir/30-day-federal-fund.html,305,XCBT,/trading/interest-rates/stir/30-day-federal-fund_quotes_options.html,True,Interest Rate,statusNull,No Limit / 0.0025,False,2023-06-13T08:35:30.884,1751259600000,30 Jun 2025,"06/30/2025, 00:00:00 CDT","06/30/2025, 12:00:00 AM CDT","June 30, 2025 12:00:00 AM CDT",True,ZQ,M5,0,Chart+-+Jun+2025+30+Day+Federal+Funds,2025
25,-,-,96.49,-,-,-,-,-,0.0025,0,ZQN5-XCBT-G,ZQN5,ZQN5,ZQN5,20:22:51 CT<br /> 12 Jun 2023,-,JUL 2025,N5,20250701,30 Day Federal Funds Futures,ZQ,/trading/interest-rates/stir/30-day-federal-fund.html,305,XCBT,/trading/interest-rates/stir/30-day-federal-fund_quotes_options.html,True,Interest Rate,statusNull,No Limit / 0.0025,False,2023-06-13T08:35:30.884,1753938000000,31 Jul 2025,"07/31/2025, 00:00:00 CDT","07/31/2025, 12:00:00 AM CDT","July 31, 2025 12:00:00 AM CDT",True,ZQ,N5,0,Chart+-+Jul+2025+30+Day+Federal+Funds,2025
26,-,-,96.49,-,-,-,-,-,0.0025,0,ZQQ5-XCBT-G,ZQQ5,ZQQ5,ZQQ5,20:21:57 CT<br /> 12 Jun 2023,-,AUG 2025,Q5,20250801,30 Day Federal Funds Futures,ZQ,/trading/interest-rates/stir/30-day-federal-fund.html,305,XCBT,/trading/interest-rates/stir/30-day-federal-fund_quotes_options.html,True,Interest Rate,statusNull,No Limit / 0.0025,False,2023-06-13T08:35:30.884,1756443600000,29 Aug 2025,"08/29/2025, 00:00:00 CDT","08/29/2025, 12:00:00 AM CDT","August 29, 2025 12:00:00 AM CDT",True,ZQ,Q5,0,Chart+-+Aug+2025+30+Day+Federal+Funds,2025
27,-,-,96.49,-,-,-,-,-,0.0025,0,ZQU5-XCBT-G,ZQU5,ZQU5,ZQU5,20:22:36 CT<br /> 12 Jun 2023,-,SEP 2025,U5,20250901,30 Day Federal Funds Futures,ZQ,/trading/interest-rates/stir/30-day-federal-fund.html,305,XCBT,/trading/interest-rates/stir/30-day-federal-fund_quotes_options.html,True,Interest Rate,statusNull,No Limit / 0.0025,False,2023-06-13T08:35:30.884,1759208400000,30 Sep 2025,"09/30/2025, 00:00:00 CDT","09/30/2025, 12:00:00 AM CDT","September 30, 2025 12:00:00 AM CDT",True,ZQ,U5,0,Chart+-+Sep+2025+30+Day+Federal+Funds,2025
28,-,-,96.52,-,-,-,-,-,0.0025,0,ZQV5-XCBT-G,ZQV5,ZQV5,ZQV5,20:23:49 CT<br /> 12 Jun 2023,-,OCT 2025,V5,20251001,30 Day Federal Funds Futures,ZQ,/trading/interest-rates/stir/30-day-federal-fund.html,305,XCBT,/trading/interest-rates/stir/30-day-federal-fund_quotes_options.html,True,Interest Rate,statusNull,No Limit / 0.0025,False,2023-06-13T08:35:30.884,1761886800000,31 Oct 2025,"10/31/2025, 00:00:00 CDT","10/31/2025, 12:00:00 AM CDT","October 31, 2025 12:00:00 AM CDT",True,ZQ,V5,0,Chart+-+Oct+2025+30+Day+Federal+Funds,2025
29,-,-,96.52,-,-,-,-,-,0.0025,0,ZQX5-XCBT-G,ZQX5,ZQX5,ZQX5,20:21:39 CT<br /> 12 Jun 2023,-,NOV 2025,X5,20251101,30 Day Federal Funds Futures,ZQ,/trading/interest-rates/stir/30-day-federal-fund.html,305,XCBT,/trading/interest-rates/stir/30-day-federal-fund_quotes_options.html,True,Interest Rate,statusNull,No Limit / 0.0025,False,2023-06-13T08:35:30.884,1764309600000,28 Nov 2025,"11/28/2025, 00:00:00 CST","11/28/2025, 12:00:00 AM CST","November 28, 2025 12:00:00 AM CST",True,ZQ,X5,0,Chart+-+Nov+2025+30+Day+Federal+Funds,2025
30,-,-,96.40,-,-,-,-,-,0.0025,0,ZQZ5-XCBT-G,ZQZ5,ZQZ5,ZQZ5,20:22:24 CT<br /> 12 Jun 2023,-,DEC 2025,Z5,20251201,30 Day Federal Funds Futures,ZQ,/trading/interest-rates/stir/30-day-federal-fund.html,305,XCBT,/trading/interest-rates/stir/30-day-federal-fund_quotes_options.html,True,Interest Rate,statusNull,No Limit / 0.0025,False,2023-06-13T08:35:30.884,1767160800000,31 Dec 2025,"12/31/2025, 00:00:00 CST","12/31/2025, 12:00:00 AM CST","December 31, 2025 12:00:00 AM CST",True,ZQ,Z5,0,Chart+-+Dec+2025+30+Day+Federal+Funds,2025
31,-,-,96.30,-,-,-,-,-,0.0025,0,ZQF6-XCBT-G,ZQF6,ZQF6,ZQF6,20:23:28 CT<br /> 12 Jun 2023,-,JAN 2026,F6,20260101,30 Day Federal Funds Futures,ZQ,/trading/interest-rates/stir/30-day-federal-fund.html,305,XCBT,/trading/interest-rates/stir/30-day-federal-fund_quotes_options.html,True,Interest Rate,statusNull,No Limit / 0.0025,False,2023-06-13T08:35:30.884,1769752800000,30 Jan 2026,"01/30/2026, 00:00:00 CST","01/30/2026, 12:00:00 AM CST","January 30, 2026 12:00:00 AM CST",True,ZQ,F6,0,Chart+-+Jan+2026+30+Day+Federal+Funds,2026
32,-,-,96.545,-,-,-,-,-,0.0025,0,ZQG6-XCBT-G,ZQG6,ZQG6,ZQG6,20:22:15 CT<br /> 12 Jun 2023,-,FEB 2026,G6,20260201,30 Day Federal Funds Futures,ZQ,/trading/interest-rates/stir/30-day-federal-fund.html,305,XCBT,/trading/interest-rates/stir/30-day-federal-fund_quotes_options.html,True,Interest Rate,statusNull,No Limit / 0.0025,False,2023-06-13T08:35:30.884,1772172000000,27 Feb 2026,"02/27/2026, 00:00:00 CST","02/27/2026, 12:00:00 AM CST","February 27, 2026 12:00:00 AM CST",True,ZQ,G6,0,Chart+-+Feb+2026+30+Day+Federal+Funds,2026
33,-,-,96.545,-,-,-,-,-,0.0025,0,ZQH6-XCBT-G,ZQH6,ZQH6,ZQH6,20:23:38 CT<br /> 12 Jun 2023,-,MAR 2026,H6,20260301,30 Day Federal Funds Futures,ZQ,/trading/interest-rates/stir/30-day-federal-fund.html,305,XCBT,/trading/interest-rates/stir/30-day-federal-fund_quotes_options.html,True,Interest Rate,statusNull,No Limit / 0.0025,False,2023-06-13T08:35:30.884,1774933200000,31 Mar 2026,"03/31/2026, 00:00:00 CDT","03/31/2026, 12:00:00 AM CDT","March 31, 2026 12:00:00 AM CDT",True,ZQ,H6,0,Chart+-+Mar+2026+30+Day+Federal+Funds,2026
34,-,-,96.545,-,-,-,-,-,0.0025,0,ZQJ6-XCBT-G,ZQJ6,ZQJ6,ZQJ6,20:21:56 CT<br /> 12 Jun 2023,-,APR 2026,J6,20260401,30 Day Federal Funds Futures,ZQ,/trading/interest-rates/stir/30-day-federal-fund.html,305,XCBT,/trading/interest-rates/stir/30-day-federal-fund_quotes_options.html,True,Interest Rate,statusNull,No Limit / 0.0025,False,2023-06-13T08:35:30.884,1777525200000,30 Apr 2026,"04/30/2026, 00:00:00 CDT","04/30/2026, 12:00:00 AM CDT","April 30, 2026 12:00:00 AM CDT",True,ZQ,J6,0,Chart+-+Apr+2026+30+Day+Federal+Funds,2026
35,-,-,96.545,-,-,-,-,-,0.0025,0,ZQK6-XCBT-G,ZQK6,ZQK6,ZQK6,20:22:21 CT<br /> 12 Jun 2023,-,MAY 2026,K6,20260501,30 Day Federal Funds Futures,ZQ,/trading/interest-rates/stir/30-day-federal-fund.html,305,XCBT,/trading/interest-rates/stir/30-day-federal-fund_quotes_options.html,True,Interest Rate,statusNull,No Limit / 0.0025,False,2023-06-13T08:35:30.884,1780030800000,29 May 2026,"05/29/2026, 00:00:00 CDT","05/29/2026, 12:00:00 AM CDT","May 29, 2026 12:00:00 AM CDT",True,ZQ,K6,0,Chart+-+May+2026+30+Day+Federal+Funds,2026
36,-,-,96.545,-,-,-,-,-,0.0025,0,ZQM6-XCBT-G,ZQM6,ZQM6,ZQM6,20:22:47 CT<br /> 12 Jun 2023,-,JUN 2026,M6,20260601,30 Day Federal Funds Futures,ZQ,/trading/interest-rates/stir/30-day-federal-fund.html,305,XCBT,/trading/interest-rates/stir/30-day-federal-fund_quotes_options.html,True,Interest Rate,statusNull,No Limit / 0.0025,False,2023-06-13T08:35:30.884,1782795600000,30 Jun 2026,"06/30/2026, 00:00:00 CDT","06/30/2026, 12:00:00 AM CDT","June 30, 2026 12:00:00 AM CDT",True,ZQ,M6,0,Chart+-+Jun+2026+30+Day+Federal+Funds,2026
37,-,-,96.545,-,-,-,-,-,0.0025,0,ZQN6-XCBT-G,ZQN6,ZQN6,ZQN6,20:21:38 CT<br /> 12 Jun 2023,-,JUL 2026,N6,20260701,30 Day Federal Funds Futures,ZQ,/trading/interest-rates/stir/30-day-federal-fund.html,305,XCBT,/trading/interest-rates/stir/30-day-federal-fund_quotes_options.html,True,Interest Rate,statusNull,No Limit / 0.0025,False,2023-06-13T08:35:30.884,1785474000000,31 Jul 2026,"07/31/2026, 00:00:00 CDT","07/31/2026, 12:00:00 AM CDT","July 31, 2026 12:00:00 AM CDT",True,ZQ,N6,0,Chart+-+Jul+2026+30+Day+Federal+Funds,2026
38,-,-,96.465,-,-,-,-,-,0.0025,0,ZQQ6-XCBT-G,ZQQ6,ZQQ6,ZQQ6,20:21:45 CT<br /> 12 Jun 2023,-,AUG 2026,Q6,20260801,30 Day Federal Funds Futures,ZQ,/trading/interest-rates/stir/30-day-federal-fund.html,305,XCBT,/trading/interest-rates/stir/30-day-federal-fund_quotes_options.html,True,Interest Rate,statusNull,No Limit / 0.0025,False,2023-06-13T08:35:30.884,1788152400000,31 Aug 2026,"08/31/2026, 00:00:00 CDT","08/31/2026, 12:00:00 AM CDT","August 31, 2026 12:00:00 AM CDT",True,ZQ,Q6,0,Chart+-+Aug+2026+30+Day+Federal+Funds,2026
39,-,-,96.465,-,-,-,-,-,0.0025,0,ZQU6-XCBT-G,ZQU6,ZQU6,ZQU6,20:22:42 CT<br /> 12 Jun 2023,-,SEP 2026,U6,20260901,30 Day Federal Funds Futures,ZQ,/trading/interest-rates/stir/30-day-federal-fund.html,305,XCBT,/trading/interest-rates/stir/30-day-federal-fund_quotes_options.html,True,Interest Rate,statusNull,No Limit / 0.0025,False,2023-06-13T08:35:30.884,1790744400000,30 Sep 2026,"09/30/2026, 00:00:00 CDT","09/30/2026, 12:00:00 AM CDT","September 30, 2026 12:00:00 AM CDT",True,ZQ,U6,0,Chart+-+Sep+2026+30+Day+Federal+Funds,2026
40,-,-,96.46,-,-,-,-,-,0.0025,0,ZQV6-XCBT-G,ZQV6,ZQV6,ZQV6,20:23:30 CT<br /> 12 Jun 2023,-,OCT 2026,V6,20261001,30 Day Federal Funds Futures,ZQ,/trading/interest-rates/stir/30-day-federal-fund.html,305,XCBT,/trading/interest-rates/stir/30-day-federal-fund_quotes_options.html,True,Interest Rate,statusNull,No Limit / 0.0025,False,2023-06-13T08:35:30.884,1793336400000,30 Oct 2026,"10/30/2026, 00:00:00 CDT","10/30/2026, 12:00:00 AM CDT","October 30, 2026 12:00:00 AM CDT",True,ZQ,V6,0,Chart+-+Oct+2026+30+Day+Federal+Funds,2026
41,-,-,96.44,-,-,-,-,-,0.0025,0,ZQX6-XCBT-G,ZQX6,ZQX6,ZQX6,20:22:46 CT<br /> 12 Jun 2023,-,NOV 2026,X6,20261101,30 Day Federal Funds Futures,ZQ,/trading/interest-rates/stir/30-day-federal-fund.html,305,XCBT,/trading/interest-rates/stir/30-day-federal-fund_quotes_options.html,True,Interest Rate,statusNull,No Limit / 0.0025,False,2023-06-13T08:35:30.885,1796018400000,30 Nov 2026,"11/30/2026, 00:00:00 CST","11/30/2026, 12:00:00 AM CST","November 30, 2026 12:00:00 AM CST",True,ZQ,X6,0,Chart+-+Nov+2026+30+Day+Federal+Funds,2026
42,-,-,96.42,-,-,-,-,-,0.0025,0,ZQZ6-XCBT-G,ZQZ6,ZQZ6,ZQZ6,20:21:45 CT<br /> 12 Jun 2023,-,DEC 2026,Z6,20261201,30 Day Federal Funds Futures,ZQ,/trading/interest-rates/stir/30-day-federal-fund.html,305,XCBT,/trading/interest-rates/stir/30-day-federal-fund_quotes_options.html,True,Interest Rate,statusNull,No Limit / 0.0025,False,2023-06-13T08:35:30.885,1798696800000,31 Dec 2026,"12/31/2026, 00:00:00 CST","12/31/2026, 12:00:00 AM CST","December 31, 2026 12:00:00 AM CST",True,ZQ,Z6,0,Chart+-+Dec+2026+30+Day+Federal+Funds,2026
43,-,-,96.405,-,-,-,-,-,0.0025,0,ZQF7-XCBT-G,ZQF7,ZQF7,ZQF7,20:21:50 CT<br /> 12 Jun 2023,-,JAN 2027,F7,20270101,30 Day Federal Funds Futures,ZQ,/trading/interest-rates/stir/30-day-federal-fund.html,305,XCBT,/trading/interest-rates/stir/30-day-federal-fund_quotes_options.html,True,Interest Rate,statusNull,No Limit / 0.0025,False,2023-06-13T08:35:30.885,1801202400000,29 Jan 2027,"01/29/2027, 00:00:00 CST","01/29/2027, 12:00:00 AM CST","January 29, 2027 12:00:00 AM CST",True,ZQ,F7,0,Chart+-+Jan+2027+30+Day+Federal+Funds,2027
44,-,-,96.39,-,-,-,-,-,0.0025,0,ZQG7-XCBT-G,ZQG7,ZQG7,ZQG7,20:23:33 CT<br /> 12 Jun 2023,-,FEB 2027,G7,20270201,30 Day Federal Funds Futures,ZQ,/trading/interest-rates/stir/30-day-federal-fund.html,305,XCBT,/trading/interest-rates/stir/30-day-federal-fund_quotes_options.html,True,Interest Rate,statusNull,No Limit / 0.0025,False,2023-06-13T08:35:30.885,1803621600000,26 Feb 2027,"02/26/2027, 00:00:00 CST","02/26/2027, 12:00:00 AM CST","February 26, 2027 12:00:00 AM CST",True,ZQ,G7,0,Chart+-+Feb+2027+30+Day+Federal+Funds,2027
45,-,-,96.375,-,-,-,-,-,0.0025,0,ZQH7-XCBT-G,ZQH7,ZQH7,ZQH7,20:22:31 CT<br /> 12 Jun 2023,-,MAR 2027,H7,20270301,30 Day Federal Funds Futures,ZQ,/trading/interest-rates/stir/30-day-federal-fund.html,305,XCBT,/trading/interest-rates/stir/30-day-federal-fund_quotes_options.html,True,Interest Rate,statusNull,No Limit / 0.0025,False,2023-06-13T08:35:30.885,1806469200000,31 Mar 2027,"03/31/2027, 00:00:00 CDT","03/31/2027, 12:00:00 AM CDT","March 31, 2027 12:00:00 AM CDT",True,ZQ,H7,0,Chart+-+Mar+2027+30+Day+Federal+Funds,2027
46,-,-,96.335,-,-,-,-,-,0.0025,0,ZQJ7-XCBT-G,ZQJ7,ZQJ7,ZQJ7,20:23:44 CT<br /> 12 Jun 2023,-,APR 2027,J7,20270401,30 Day Federal Funds Futures,ZQ,/trading/interest-rates/stir/30-day-federal-fund.html,305,XCBT,/trading/interest-rates/stir/30-day-federal-fund_quotes_options.html,True,Interest Rate,statusNull,No Limit / 0.0025,False,2023-06-13T08:35:30.885,1809061200000,30 Apr 2027,"04/30/2027, 00:00:00 CDT","04/30/2027, 12:00:00 AM CDT","April 30, 2027 12:00:00 AM CDT",True,ZQ,J7,0,Chart+-+Apr+2027+30+Day+Federal+Funds,2027
47,-,-,96.31,-,-,-,-,-,0.0025,0,ZQK7-XCBT-G,ZQK7,ZQK7,ZQK7,20:23:33 CT<br /> 12 Jun 2023,-,MAY 2027,K7,20270501,30 Day Federal Funds Futures,ZQ,/trading/interest-rates/stir/30-day-federal-fund.html,305,XCBT,/trading/interest-rates/stir/30-day-federal-fund_quotes_options.html,True,Interest Rate,statusNull,No Limit / 0.0025,False,2023-06-13T08:35:30.885,1811480400000,28 May 2027,"05/28/2027, 00:00:00 CDT","05/28/2027, 12:00:00 AM CDT","May 28, 2027 12:00:00 AM CDT",True,ZQ,K7,0,Chart+-+May+2027+30+Day+Federal+Funds,2027
48,-,-,96.29,-,-,-,-,-,0.0025,0,ZQM7-XCBT-G,ZQM7,ZQM7,ZQM7,20:23:02 CT<br /> 12 Jun 2023,-,JUN 2027,M7,20270601,30 Day Federal Funds Futures,ZQ,/trading/interest-rates/stir/30-day-federal-fund.html,305,XCBT,/trading/interest-rates/stir/30-day-federal-fund_quotes_options.html,True,Interest Rate,statusNull,No Limit / 0.0025,False,2023-06-13T08:35:30.885,1814331600000,30 Jun 2027,"06/30/2027, 00:00:00 CDT","06/30/2027, 12:00:00 AM CDT","June 30, 2027 12:00:00 AM CDT",True,ZQ,M7,0,Chart+-+Jun+2027+30+Day+Federal+Funds,2027
49,-,-,96.27,-,-,-,-,-,0.0025,0,ZQN7-XCBT-G,ZQN7,ZQN7,ZQN7,20:21:38 CT<br /> 12 Jun 2023,-,JUL 2027,N7,20270701,30 Day Federal Funds Futures,ZQ,/trading/interest-rates/stir/30-day-federal-fund.html,305,XCBT,/trading/interest-rates/stir/30-day-federal-fund_quotes_options.html,True,Interest Rate,statusNull,No Limit / 0.0025,False,2023-06-13T08:35:30.885,1816923600000,30 Jul 2027,"07/30/2027, 00:00:00 CDT","07/30/2027, 12:00:00 AM CDT","July 30, 2027 12:00:00 AM CDT",True,ZQ,N7,0,Chart+-+Jul+2027+30+Day+Federal+Funds,2027
50,-,-,96.19,-,-,-,-,-,0.0025,0,ZQQ7-XCBT-G,ZQQ7,ZQQ7,ZQQ7,20:21:45 CT<br /> 12 Jun 2023,-,AUG 2027,Q7,20270801,30 Day Federal Funds Futures,ZQ,/trading/interest-rates/stir/30-day-federal-fund.html,305,XCBT,/trading/interest-rates/stir/30-day-federal-fund_quotes_options.html,True,Interest Rate,statusNull,No Limit / 0.0025,False,2023-06-13T08:35:30.885,1819688400000,31 Aug 2027,"08/31/2027, 00:00:00 CDT","08/31/2027, 12:00:00 AM CDT","August 31, 2027 12:00:00 AM CDT",True,ZQ,Q7,0,Chart+-+Aug+2027+30+Day+Federal+Funds,2027
51,-,-,96.19,-,-,-,-,-,0.0025,0,ZQU7-XCBT-G,ZQU7,ZQU7,ZQU7,20:21:56 CT<br /> 12 Jun 2023,-,SEP 2027,U7,20270901,30 Day Federal Funds Futures,ZQ,/trading/interest-rates/stir/30-day-federal-fund.html,305,XCBT,/trading/interest-rates/stir/30-day-federal-fund_quotes_options.html,True,Interest Rate,statusNull,No Limit / 0.0025,False,2023-06-13T08:35:30.885,1822280400000,30 Sep 2027,"09/30/2027, 00:00:00 CDT","09/30/2027, 12:00:00 AM CDT","September 30, 2027 12:00:00 AM CDT",True,ZQ,U7,0,Chart+-+Sep+2027+30+Day+Federal+Funds,2027
52,-,-,96.185,-,-,-,-,-,0.0025,0,ZQV7-XCBT-G,ZQV7,ZQV7,ZQV7,20:22:27 CT<br /> 12 Jun 2023,-,OCT 2027,V7,20271001,30 Day Federal Funds Futures,ZQ,/trading/interest-rates/stir/30-day-federal-fund.html,305,XCBT,/trading/interest-rates/stir/30-day-federal-fund_quotes_options.html,True,Interest Rate,statusNull,No Limit / 0.0025,False,2023-06-13T08:35:30.885,1824786000000,29 Oct 2027,"10/29/2027, 00:00:00 CDT","10/29/2027, 12:00:00 AM CDT","October 29, 2027 12:00:00 AM CDT",True,ZQ,V7,0,Chart+-+Oct+2027+30+Day+Federal+Funds,2027
53,-,-,96.165,-,-,-,-,-,0.0025,0,ZQX7-XCBT-G,ZQX7,ZQX7,ZQX7,20:22:03 CT<br /> 12 Jun 2023,-,NOV 2027,X7,20271101,30 Day Federal Funds Futures,ZQ,/trading/interest-rates/stir/30-day-federal-fund.html,305,XCBT,/trading/interest-rates/stir/30-day-federal-fund_quotes_options.html,True,Interest Rate,statusNull,No Limit / 0.0025,False,2023-06-13T08:35:30.885,1827554400000,30 Nov 2027,"11/30/2027, 00:00:00 CST","11/30/2027, 12:00:00 AM CST","November 30, 2027 12:00:00 AM CST",True,ZQ,X7,0,Chart+-+Nov+2027+30+Day+Federal+Funds,2027
54,-,-,96.145,-,-,-,-,-,0.0025,0,ZQZ7-XCBT-G,ZQZ7,ZQZ7,ZQZ7,20:21:40 CT<br /> 12 Jun 2023,-,DEC 2027,Z7,20271201,30 Day Federal Funds Futures,ZQ,/trading/interest-rates/stir/30-day-federal-fund.html,305,XCBT,/trading/interest-rates/stir/30-day-federal-fund_quotes_options.html,True,Interest Rate,statusNull,No Limit / 0.0025,False,2023-06-13T08:35:30.885,1830232800000,31 Dec 2027,"12/31/2027, 00:00:00 CST","12/31/2027, 12:00:00 AM CST","December 31, 2027 12:00:00 AM CST",True,ZQ,Z7,0,Chart+-+Dec+2027+30+Day+Federal+Funds,2027
55,-,-,96.13,-,-,-,-,-,0.0025,0,ZQF8-XCBT-G,ZQF8,ZQF8,ZQF8,20:22:41 CT<br /> 12 Jun 2023,-,JAN 2028,F8,20280101,30 Day Federal Funds Futures,ZQ,/trading/interest-rates/stir/30-day-federal-fund.html,305,XCBT,/trading/interest-rates/stir/30-day-federal-fund_quotes_options.html,True,Interest Rate,statusNull,No Limit / 0.0025,False,2023-06-13T08:35:30.885,1832911200000,31 Jan 2028,"01/31/2028, 00:00:00 CST","01/31/2028, 12:00:00 AM CST","January 31, 2028 12:00:00 AM CST",True,ZQ,F8,0,Chart+-+Jan+2028+30+Day+Federal+Funds,2028
56,-,-,96.115,-,-,-,-,-,0.0025,0,ZQG8-XCBT-G,ZQG8,ZQG8,ZQG8,20:21:50 CT<br /> 12 Jun 2023,-,FEB 2028,G8,20280201,30 Day Federal Funds Futures,ZQ,/trading/interest-rates/stir/30-day-federal-fund.html,305,XCBT,/trading/interest-rates/stir/30-day-federal-fund_quotes_options.html,True,Interest Rate,statusNull,No Limit / 0.0025,False,2023-06-13T08:35:30.885,1835416800000,29 Feb 2028,"02/29/2028, 00:00:00 CST","02/29/2028, 12:00:00 AM CST","February 29, 2028 12:00:00 AM CST",True,ZQ,G8,0,Chart+-+Feb+2028+30+Day+Federal+Funds,2028
57,-,-,96.10,-,-,-,-,-,0.0025,0,ZQH8-XCBT-G,ZQH8,ZQH8,ZQH8,20:22:40 CT<br /> 12 Jun 2023,-,MAR 2028,H8,20280301,30 Day Federal Funds Futures,ZQ,/trading/interest-rates/stir/30-day-federal-fund.html,305,XCBT,/trading/interest-rates/stir/30-day-federal-fund_quotes_options.html,True,Interest Rate,statusNull,No Limit / 0.0025,False,2023-06-13T08:35:30.885,1838091600000,31 Mar 2028,"03/31/2028, 00:00:00 CDT","03/31/2028, 12:00:00 AM CDT","March 31, 2028 12:00:00 AM CDT",True,ZQ,H8,0,Chart+-+Mar+2028+30+Day+Federal+Funds,2028
58,-,-,96.06,-,-,-,-,-,0.0025,0,ZQJ8-XCBT-G,ZQJ8,ZQJ8,ZQJ8,20:23:26 CT<br /> 12 Jun 2023,-,APR 2028,J8,20280401,30 Day Federal Funds Futures,ZQ,/trading/interest-rates/stir/30-day-federal-fund.html,305,XCBT,/trading/interest-rates/stir/30-day-federal-fund_quotes_options.html,True,Interest Rate,statusNull,No Limit / 0.0025,False,2023-06-13T08:35:30.885,1840510800000,28 Apr 2028,"04/28/2028, 00:00:00 CDT","04/28/2028, 12:00:00 AM CDT","April 28, 2028 12:00:00 AM CDT",True,ZQ,J8,0,Chart+-+Apr+2028+30+Day+Federal+Funds,2028
59,-,-,96.035,-,-,-,-,-,0.0025,0,ZQK8-XCBT-G,ZQK8,ZQK8,ZQK8,20:22:37 CT<br /> 12 Jun 2023,-,MAY 2028,K8,20280501,30 Day Federal Funds Futures,ZQ,/trading/interest-rates/stir/30-day-federal-fund.html,305,XCBT,/trading/interest-rates/stir/30-day-federal-fund_quotes_options.html,True,Interest Rate,statusNull,No Limit / 0.0025,False,2023-06-13T08:35:30.885,1843362000000,31 May 2028,"05/31/2028, 00:00:00 CDT","05/31/2028, 12:00:00 AM CDT","May 31, 2028 12:00:00 AM CDT",True,ZQ,K8,0,Chart+-+May+2028+30+Day+Federal+Funds,2028
